name,description,price,stock,currency
"fresh onion","vegetables",1.99,30,"EUR"
"Gravel","fruits",2300,15,"EUR"
"fresh carrot","vegetables",2.49,25,"EUR"
"fresh beef","meat",12.99,20,"EUR"
"crazyproduct","fruits",5.99,20,"EUR"
"pandu","fruits",6.99,20,"EUR"
"Strawberry","fruits",1.99,25,"EUR"
"Gemuse","Vegetables",20,10,"EUR"
"fresh chicken","meat",8.99,20,"EUR"
"fresh orange","fruits",4.99,15,"EUR"
"xyz","meat",12.99,10,"EUR"
"fresh apple","fruits",3.49,40,"EUR"
"MTB","vegetables",1200,25,"EUR"
"avacardo","meat",12.99,10,"EUR"
"fresh pork","meat",10.99,25,"EUR"
"Product without price","fruits",2,0,"EUR"
"fresh fish","meat",9.99,30,"EUR"
"Mulberry","fruits",1.99,20,"EUR"
"qwerty","No description",0,0,"EUR"
"wer","fruits",4.99,20,"EUR"
"green lemon","fruits",2.99,30,"EUR"
"bestproduct","meat",20,10,"EUR"
"fresh potato","vegetables",3.49,40,"EUR"
"goodproduct","fruits",200,20,"EUR"
"germanproduct","meat",188,40,"EUR"
"fresh avocado","fruits",3.99,17,"EUR"
"banana","fruits",4.99,20,"EUR"
"Blueberry","fruits",2.99,25,"EUR"
"fresh tomato","vegetables",2.99,50,"EUR"
"Chomu","Vegetables",2.99,20,"EUR"
