[
  {
    "ID": "0a31e871-7903-4d44-9e32-229c80fa290d",
    "createdAt": "2025-11-25T19:20:40.500Z",
    "createdBy": "alice",
    "modifiedAt": "2025-11-25T19:20:40.500Z",
    "modifiedBy": "alice",
    "productID": "WEB_MULBERRY_1764098440499_15",
    "name": "Mulberry",
    "description": "fruits",
    "price": 1.99,
    "currency_code": "EUR",
    "stock": 0
  },
  {
    "ID": "0d785839-a5d9-428e-9a9b-15b4e4895e12",
    "createdAt": null,
    "createdBy": null,
    "modifiedAt": null,
    "modifiedBy": null,
    "productID": "GRVL1000",
    "name": "Gravel",
    "description": null,
    "price": 2300,
    "currency_code": "EUR",
    "stock": 15
  },
  {
    "ID": "1d1a058c-e97d-4d09-8afe-608ff2405a3c",
    "createdAt": "2025-11-25T19:20:40.483Z",
    "createdBy": "alice",
    "modifiedAt": "2025-11-25T19:20:40.483Z",
    "modifiedBy": "alice",
    "productID": "WEB_FRESHAVOCADO_1764098440481_6",
    "name": "fresh avocado",
    "description": "fruits",
    "price": 3.99,
    "currency_code": "EUR",
    "stock": 0
  },
  {
    "ID": "1f0b6620-2689-48b2-bcec-372289986a19",
    "createdAt": "2025-11-25T19:20:40.502Z",
    "createdBy": "alice",
    "modifiedAt": "2025-11-25T19:20:40.502Z",
    "modifiedBy": "alice",
    "productID": "WEB_PRODUCTWITHOUTPRICE_1764098440501_16",
    "name": "Product without price",
    "description": "fruits",
    "price": 2,
    "currency_code": "EUR",
    "stock": 0
  },
  {
    "ID": "1fb42546-5b77-43ff-91a9-07b623e9dee0",
    "createdAt": "2025-11-25T19:20:40.493Z",
    "createdBy": "alice",
    "modifiedAt": "2025-11-25T19:20:40.493Z",
    "modifiedBy": "alice",
    "productID": "WEB_FRESHBEEF_1764098440492_10",
    "name": "fresh beef",
    "description": "meat",
    "price": 12.99,
    "currency_code": "EUR",
    "stock": 0
  },
  {
    "ID": "276966f7-458d-48c7-ad43-bb08fe98ea3f",
    "createdAt": "2025-11-25T19:20:40.496Z",
    "createdBy": "alice",
    "modifiedAt": "2025-11-25T19:20:40.496Z",
    "modifiedBy": "alice",
    "productID": "WEB_FRESHPORK_1764098440495_12",
    "name": "fresh pork",
    "description": "meat",
    "price": 10.99,
    "currency_code": "EUR",
    "stock": 0
  },
  {
    "ID": "281ab412-2475-4d6e-8519-cd6310932528",
    "createdAt": "2025-11-25T19:20:40.488Z",
    "createdBy": "alice",
    "modifiedAt": "2025-11-25T19:20:40.488Z",
    "modifiedBy": "alice",
    "productID": "WEB_FRESHAPPLE_1764098440487_8",
    "name": "fresh apple",
    "description": "fruits",
    "price": 3.49,
    "currency_code": "EUR",
    "stock": 0
  },
  {
    "ID": "354a6072-79e1-4ede-943a-817d29fe5249",
    "createdAt": "2025-11-25T19:20:40.518Z",
    "createdBy": "alice",
    "modifiedAt": "2025-11-25T19:20:40.518Z",
    "modifiedBy": "alice",
    "productID": "WEB_AVACARDO_1764098440516_21",
    "name": "avacardo",
    "description": "meat",
    "price": 12.99,
    "currency_code": "EUR",
    "stock": 0
  },
  {
    "ID": "392e46eb-5e90-4128-8d5a-1f7f2da8af20",
    "createdAt": "2025-11-25T19:20:40.491Z",
    "createdBy": "alice",
    "modifiedAt": "2025-11-25T19:20:40.491Z",
    "modifiedBy": "alice",
    "productID": "WEB_FRESHCHICKEN_1764098440489_9",
    "name": "fresh chicken",
    "description": "meat",
    "price": 8.99,
    "currency_code": "EUR",
    "stock": 0
  },
  {
    "ID": "4942027a-8a8a-4392-8794-033ed46c7b5d",
    "createdAt": "2025-11-25T19:20:40.498Z",
    "createdBy": "alice",
    "modifiedAt": "2025-11-25T19:20:40.498Z",
    "modifiedBy": "alice",
    "productID": "WEB_STRAWBERRY_1764098440497_13",
    "name": "Strawberry",
    "description": "fruits",
    "price": 1.99,
    "currency_code": "EUR",
    "stock": 0
  },
  {
    "ID": "4eff03b5-c444-4b86-9f67-31b07ce1f3e7",
    "createdAt": "2025-11-25T19:20:40.508Z",
    "createdBy": "alice",
    "modifiedAt": "2025-11-25T19:20:40.508Z",
    "modifiedBy": "alice",
    "productID": "WEB_XYZ_1764098440506_18",
    "name": "xyz",
    "description": "meat",
    "price": 12.99,
    "currency_code": "EUR",
    "stock": 0
  },
  {
    "ID": "500b98dd-fcc0-467b-80dd-09eef1b09b9a",
    "createdAt": "2025-11-25T19:20:40.494Z",
    "createdBy": "alice",
    "modifiedAt": "2025-11-25T19:20:40.494Z",
    "modifiedBy": "alice",
    "productID": "WEB_FRESHFISH_1764098440494_11",
    "name": "fresh fish",
    "description": "meat",
    "price": 9.99,
    "currency_code": "EUR",
    "stock": 0
  },
  {
    "ID": "59669255-59fc-4bba-8dcb-0e7a4285a977",
    "createdAt": "2025-11-25T19:20:40.527Z",
    "createdBy": "alice",
    "modifiedAt": "2025-11-25T19:20:40.527Z",
    "modifiedBy": "alice",
    "productID": "WEB_BESTPRODUCT_1764098440526_25",
    "name": "bestproduct",
    "description": "meat",
    "price": 20,
    "currency_code": "EUR",
    "stock": 0
  },
  {
    "ID": "67d85897-dd5a-49b3-bf5c-64df5342b5c2",
    "createdAt": null,
    "createdBy": null,
    "modifiedAt": null,
    "modifiedBy": null,
    "productID": "DXTR1000",
    "name": "MTB",
    "description": null,
    "price": 1200,
    "currency_code": "EUR",
    "stock": 25
  },
  {
    "ID": "6b2e0d53-9d09-4b95-869d-13e3d1031ee0",
    "createdAt": "2025-11-25T19:20:40.480Z",
    "createdBy": "alice",
    "modifiedAt": "2025-11-25T19:20:40.480Z",
    "modifiedBy": "alice",
    "productID": "WEB_FRESHORANGE_1764098440478_5",
    "name": "fresh orange",
    "description": "fruits",
    "price": 4.99,
    "currency_code": "EUR",
    "stock": 0
  },
  {
    "ID": "7cb7413d-87b5-4023-9ea2-244aeb2d6727",
    "createdAt": "2025-11-25T19:20:40.525Z",
    "createdBy": "alice",
    "modifiedAt": "2025-11-25T19:20:40.525Z",
    "modifiedBy": "alice",
    "productID": "WEB_CRAZYPRODUCT_1764098440524_24",
    "name": "crazyproduct",
    "description": "fruits",
    "price": 5.99,
    "currency_code": "EUR",
    "stock": 0
  },
  {
    "ID": "86f13667-828f-4f63-8adb-75763dc81d87",
    "createdAt": "2025-11-25T19:20:40.463Z",
    "createdBy": "alice",
    "modifiedAt": "2025-11-25T19:20:40.463Z",
    "modifiedBy": "alice",
    "productID": "WEB_FRESHTOMATO_1764098440436_1",
    "name": "fresh tomato",
    "description": "vegetables",
    "price": 2.99,
    "currency_code": "EUR",
    "stock": 0
  },
  {
    "ID": "89b59bac-5516-4977-a984-839acfda980e",
    "createdAt": "2025-11-25T19:20:40.511Z",
    "createdBy": "alice",
    "modifiedAt": "2025-11-25T19:20:40.511Z",
    "modifiedBy": "alice",
    "productID": "WEB_BANANA_1764098440509_19",
    "name": "banana",
    "description": "fruits",
    "price": 4.99,
    "currency_code": "EUR",
    "stock": 0
  },
  {
    "ID": "8fd6d439-7c05-483a-8629-1e3aadedf8f5",
    "createdAt": "2025-11-25T19:20:40.521Z",
    "createdBy": "alice",
    "modifiedAt": "2025-11-25T19:20:40.521Z",
    "modifiedBy": "alice",
    "productID": "WEB_WER_1764098440519_22",
    "name": "wer",
    "description": "fruits",
    "price": 4.99,
    "currency_code": "EUR",
    "stock": 0
  },
  {
    "ID": "aa3913ff-f6f5-4aa1-808a-56e192c02d77",
    "createdAt": "2025-11-25T19:20:40.499Z",
    "createdBy": "alice",
    "modifiedAt": "2025-11-25T19:20:40.499Z",
    "modifiedBy": "alice",
    "productID": "WEB_BLUEBERRY_1764098440498_14",
    "name": "Blueberry",
    "description": "fruits",
    "price": 2.99,
    "currency_code": "EUR",
    "stock": 0
  },
  {
    "ID": "b13ee07c-77ca-499d-baec-a529bc2f5e7f",
    "createdAt": "2025-11-25T19:20:40.486Z",
    "createdBy": "alice",
    "modifiedAt": "2025-11-25T19:20:40.486Z",
    "modifiedBy": "alice",
    "productID": "WEB_GREENLEMON_1764098440485_7",
    "name": "green lemon",
    "description": "fruits",
    "price": 2.99,
    "currency_code": "EUR",
    "stock": 0
  },
  {
    "ID": "b6e1c37c-4b6a-4c19-9edc-9173e7acd018",
    "createdAt": "2025-11-25T19:20:40.476Z",
    "createdBy": "alice",
    "modifiedAt": "2025-11-25T19:20:40.476Z",
    "modifiedBy": "alice",
    "productID": "WEB_FRESHCARROT_1764098440475_4",
    "name": "fresh carrot",
    "description": "vegetables",
    "price": 2.49,
    "currency_code": "EUR",
    "stock": 0
  },
  {
    "ID": "c1e666c3-5f8c-413e-83dd-4132004e7cac",
    "createdAt": "2025-11-25T19:20:40.530Z",
    "createdBy": "alice",
    "modifiedAt": "2025-11-25T19:20:40.530Z",
    "modifiedBy": "alice",
    "productID": "WEB_CHOMU_1764098440530_28",
    "name": "Chomu",
    "description": "Vegetables",
    "price": 2.99,
    "currency_code": "EUR",
    "stock": 0
  },
  {
    "ID": "d6f332d2-7f9b-44e8-b908-1c1ed417a9aa",
    "createdAt": "2025-11-25T19:20:40.469Z",
    "createdBy": "alice",
    "modifiedAt": "2025-11-25T19:20:40.469Z",
    "modifiedBy": "alice",
    "productID": "WEB_FRESHONION_1764098440466_2",
    "name": "fresh onion",
    "description": "vegetables",
    "price": 1.99,
    "currency_code": "EUR",
    "stock": 0
  },
  {
    "ID": "d8ca1c94-83e3-4f29-b919-25a380fedd00",
    "createdAt": "2025-11-25T19:20:40.523Z",
    "createdBy": "alice",
    "modifiedAt": "2025-11-25T19:20:40.523Z",
    "modifiedBy": "alice",
    "productID": "WEB_GERMANPRODUCT_1764098440522_23",
    "name": "germanproduct",
    "description": "meat",
    "price": 188,
    "currency_code": "EUR",
    "stock": 0
  },
  {
    "ID": "dcc617d1-aa34-41d9-a960-d4ff64e5a209",
    "createdAt": "2025-11-25T19:20:40.529Z",
    "createdBy": "alice",
    "modifiedAt": "2025-11-25T19:20:40.529Z",
    "modifiedBy": "alice",
    "productID": "WEB_GEMUSE_1764098440528_27",
    "name": "Gemuse",
    "description": "Vegetables",
    "price": 20,
    "currency_code": "EUR",
    "stock": 0
  },
  {
    "ID": "ebd94c13-f37e-4240-b8fe-0df305f7ef26",
    "createdAt": "2025-11-25T19:20:40.505Z",
    "createdBy": "alice",
    "modifiedAt": "2025-11-25T19:20:40.505Z",
    "modifiedBy": "alice",
    "productID": "WEB_PANDU_1764098440502_17",
    "name": "pandu",
    "description": "fruits",
    "price": 6.99,
    "currency_code": "EUR",
    "stock": 0
  },
  {
    "ID": "ec9282cb-4d37-4244-81a3-70295d83b425",
    "createdAt": "2025-11-25T19:20:40.528Z",
    "createdBy": "alice",
    "modifiedAt": "2025-11-25T19:20:40.528Z",
    "modifiedBy": "alice",
    "productID": "WEB_GOODPRODUCT_1764098440527_26",
    "name": "goodproduct",
    "description": "fruits",
    "price": 200,
    "currency_code": "EUR",
    "stock": 0
  },
  {
    "ID": "f5c0dcef-86de-4675-91c9-970b1995c882",
    "createdAt": "2025-11-25T19:20:40.473Z",
    "createdBy": "alice",
    "modifiedAt": "2025-11-25T19:20:40.473Z",
    "modifiedBy": "alice",
    "productID": "WEB_FRESHPOTATO_1764098440470_3",
    "name": "fresh potato",
    "description": "vegetables",
    "price": 3.49,
    "currency_code": "EUR",
    "stock": 0
  },
  {
    "ID": "f72122df-ad10-4e99-9fe9-dd7a0e2bc081",
    "createdAt": "2025-11-25T19:20:40.515Z",
    "createdBy": "alice",
    "modifiedAt": "2025-11-25T19:20:40.515Z",
    "modifiedBy": "alice",
    "productID": "WEB_QWERTY_1764098440513_20",
    "name": "qwerty",
    "description": "No description",
    "price": 0,
    "currency_code": "EUR",
    "stock": 0
  }
]