name,description,price,stock,currency
"Mulberry","fruits",1.99,10,"EUR"
"Gravel","",2300,15,"EUR"
"fresh avocado","fruits",3.99,25,"EUR"
"Product without price","fruits",2,5,"EUR"
"fresh beef","meat",12.99,20,"EUR"
"fresh pork","meat",10.99,40,"EUR"
"fresh apple","fruits",3.49,50,"EUR"
"avacardo","meat",12.99,10,"EUR"
"fresh chicken","meat",8.99,25,"EUR"
"Strawberry","fruits",1.99,35,"EUR"
"xyz","meat",12.99,10,"EUR"
"fresh fish","meat",9.99,20,"EUR"
"MTB","",1200,25,"EUR"
"fresh orange","fruits",4.99,40,"EUR"
"fresh tomato","vegetables",2.99,50,"EUR"
"banana","fruits",4.99,20,"EUR"
"wer","fruits",4.99,15,"EUR"
"Blueberry","fruits",2.99,30,"EUR"
"green lemon","fruits",2.99,20,"EUR"
"fresh carrot","vegetables",2.49,15,"EUR"
"Chomu","Vegetables",2.99,10,"EUR"
"fresh onion","vegetables",1.99,100,"EUR"
"Gemuse","Vegetables",20,25,"EUR"
"pandu","fruits",6.99,20,"EUR"
"fresh potato","vegetables",3.49,10,"EUR"
