[
  {
    "ID": "03fc19bf-c61e-48a2-b839-e1c0862c814d",
    "createdAt": "2025-11-18T12:14:12.907Z",
    "createdBy": "alice",
    "modifiedAt": "2025-11-18T12:14:12.907Z",
    "modifiedBy": "alice",
    "productID": "WEB_FRESHONION_1763468052905_2",
    "name": "fresh onion",
    "description": "vegetables",
    "price": 1.99,
    "currency_code": "EUR",
    "stock": 30
  },
  {
    "ID": "0d785839-a5d9-428e-9a9b-15b4e4895e12",
    "createdAt": null,
    "createdBy": null,
    "modifiedAt": "2025-11-18T12:17:43.431Z",
    "modifiedBy": "alice",
    "productID": "GRVL1000",
    "name": "Gravel",
    "description": "fruits",
    "price": 2300,
    "currency_code": "EUR",
    "stock": 15
  },
  {
    "ID": "1debb793-6a9e-4840-8888-6bc33e8eb202",
    "createdAt": "2025-11-18T12:14:12.915Z",
    "createdBy": "alice",
    "modifiedAt": "2025-11-18T12:14:12.915Z",
    "modifiedBy": "alice",
    "productID": "WEB_FRESHCARROT_1763468052912_4",
    "name": "fresh carrot",
    "description": "vegetables",
    "price": 2.49,
    "currency_code": "EUR",
    "stock": 25
  },
  {
    "ID": "1e060ef3-a730-4b12-8dd8-d6548864d448",
    "createdAt": "2025-11-18T12:14:12.934Z",
    "createdBy": "alice",
    "modifiedAt": "2025-11-18T12:14:12.934Z",
    "modifiedBy": "alice",
    "productID": "WEB_FRESHBEEF_1763468052933_10",
    "name": "fresh beef",
    "description": "meat",
    "price": 12.99,
    "currency_code": "EUR",
    "stock": 20
  },
  {
    "ID": "255619fc-6d42-4cb7-ada8-d7069b0c3a1a",
    "createdAt": "2025-11-18T12:14:12.960Z",
    "createdBy": "alice",
    "modifiedAt": "2025-11-18T12:14:12.960Z",
    "modifiedBy": "alice",
    "productID": "WEB_CRAZYPRODUCT_1763468052959_24",
    "name": "crazyproduct",
    "description": "fruits",
    "price": 5.99,
    "currency_code": "EUR",
    "stock": 20
  },
  {
    "ID": "282a295b-301f-4074-be63-23523dcec3cd",
    "createdAt": "2025-11-18T12:14:12.948Z",
    "createdBy": "alice",
    "modifiedAt": "2025-11-18T12:14:12.948Z",
    "modifiedBy": "alice",
    "productID": "WEB_PANDU_1763468052947_17",
    "name": "pandu",
    "description": "fruits",
    "price": 6.99,
    "currency_code": "EUR",
    "stock": 20
  },
  {
    "ID": "369fbb7a-4f62-4646-8f12-baaa3c5e0490",
    "createdAt": "2025-11-18T12:14:12.940Z",
    "createdBy": "alice",
    "modifiedAt": "2025-11-18T12:14:12.940Z",
    "modifiedBy": "alice",
    "productID": "WEB_STRAWBERRY_1763468052939_13",
    "name": "Strawberry",
    "description": "fruits",
    "price": 1.99,
    "currency_code": "EUR",
    "stock": 25
  },
  {
    "ID": "3b5e13e1-f0c1-4e83-ad73-3d93204af03d",
    "createdAt": "2025-11-18T12:14:12.966Z",
    "createdBy": "alice",
    "modifiedAt": "2025-11-18T12:14:12.966Z",
    "modifiedBy": "alice",
    "productID": "WEB_GEMUSE_1763468052965_27",
    "name": "Gemuse",
    "description": "Vegetables",
    "price": 20,
    "currency_code": "EUR",
    "stock": 10
  },
  {
    "ID": "3b82b290-cc23-4994-9740-3041e7e98e52",
    "createdAt": "2025-11-18T12:14:12.932Z",
    "createdBy": "alice",
    "modifiedAt": "2025-11-18T12:14:12.932Z",
    "modifiedBy": "alice",
    "productID": "WEB_FRESHCHICKEN_1763468052930_9",
    "name": "fresh chicken",
    "description": "meat",
    "price": 8.99,
    "currency_code": "EUR",
    "stock": 20
  },
  {
    "ID": "3c5e9e97-c859-4d2b-8149-98b6cbb266f3",
    "createdAt": "2025-11-18T12:14:12.921Z",
    "createdBy": "alice",
    "modifiedAt": "2025-11-18T12:14:12.921Z",
    "modifiedBy": "alice",
    "productID": "WEB_FRESHORANGE_1763468052920_5",
    "name": "fresh orange",
    "description": "fruits",
    "price": 4.99,
    "currency_code": "EUR",
    "stock": 15
  },
  {
    "ID": "4a8b634a-bcdb-41ad-a68b-8ac07e9ed038",
    "createdAt": "2025-11-18T12:14:12.950Z",
    "createdBy": "alice",
    "modifiedAt": "2025-11-18T12:14:12.950Z",
    "modifiedBy": "alice",
    "productID": "WEB_XYZ_1763468052949_18",
    "name": "xyz",
    "description": "meat",
    "price": 12.99,
    "currency_code": "EUR",
    "stock": 10
  },
  {
    "ID": "4f49790a-ec26-447f-b956-0b8b19f7b662",
    "createdAt": "2025-11-18T12:14:12.929Z",
    "createdBy": "alice",
    "modifiedAt": "2025-11-18T12:14:12.929Z",
    "modifiedBy": "alice",
    "productID": "WEB_FRESHAPPLE_1763468052927_8",
    "name": "fresh apple",
    "description": "fruits",
    "price": 3.49,
    "currency_code": "EUR",
    "stock": 40
  },
  {
    "ID": "67d85897-dd5a-49b3-bf5c-64df5342b5c2",
    "createdAt": null,
    "createdBy": null,
    "modifiedAt": "2025-11-19T18:39:03.245Z",
    "modifiedBy": "alice",
    "productID": "DXTR1000",
    "name": "MTB",
    "description": "vegetables",
    "price": 1200,
    "currency_code": "EUR",
    "stock": 25
  },
  {
    "ID": "699a33b0-4085-41bf-9bc3-57503ba44bd2",
    "createdAt": "2025-11-18T12:14:12.955Z",
    "createdBy": "alice",
    "modifiedAt": "2025-11-18T12:14:12.955Z",
    "modifiedBy": "alice",
    "productID": "WEB_AVACARDO_1763468052954_21",
    "name": "avacardo",
    "description": "meat",
    "price": 12.99,
    "currency_code": "EUR",
    "stock": 10
  },
  {
    "ID": "6a1b2725-6ddc-48fe-be38-af3d4606831f",
    "createdAt": "2025-11-18T12:14:12.938Z",
    "createdBy": "alice",
    "modifiedAt": "2025-11-18T12:14:12.938Z",
    "modifiedBy": "alice",
    "productID": "WEB_FRESHPORK_1763468052937_12",
    "name": "fresh pork",
    "description": "meat",
    "price": 10.99,
    "currency_code": "EUR",
    "stock": 25
  },
  {
    "ID": "6b12811f-cc14-4888-9d7d-d54116e84a56",
    "createdAt": "2025-11-18T12:14:12.946Z",
    "createdBy": "alice",
    "modifiedAt": "2025-11-19T20:07:22.041Z",
    "modifiedBy": "alice",
    "productID": "WEB_PRODUCTWITHOUTPRICE_1763468052945_16",
    "name": "Product without price",
    "description": "fruits",
    "price": 2,
    "currency_code": "EUR",
    "stock": 0
  },
  {
    "ID": "836614b9-f0f2-4c01-9c12-0b5bf9eef96f",
    "createdAt": "2025-11-18T12:14:12.936Z",
    "createdBy": "alice",
    "modifiedAt": "2025-11-18T12:14:12.936Z",
    "modifiedBy": "alice",
    "productID": "WEB_FRESHFISH_1763468052935_11",
    "name": "fresh fish",
    "description": "meat",
    "price": 9.99,
    "currency_code": "EUR",
    "stock": 30
  },
  {
    "ID": "89e519b0-40ca-413c-b0ea-b809e5b4b72f",
    "createdAt": "2025-11-18T12:14:12.944Z",
    "createdBy": "alice",
    "modifiedAt": "2025-11-18T12:14:12.944Z",
    "modifiedBy": "alice",
    "productID": "WEB_MULBERRY_1763468052943_15",
    "name": "Mulberry",
    "description": "fruits",
    "price": 1.99,
    "currency_code": "EUR",
    "stock": 20
  },
  {
    "ID": "8d256972-7a4a-4a0a-be41-527db964c38b",
    "createdAt": "2025-11-18T12:14:12.954Z",
    "createdBy": "alice",
    "modifiedAt": "2025-11-18T12:14:12.954Z",
    "modifiedBy": "alice",
    "productID": "WEB_QWERTY_1763468052952_20",
    "name": "qwerty",
    "description": "No description",
    "price": 0,
    "currency_code": "EUR",
    "stock": 0
  },
  {
    "ID": "9c992206-0305-4677-8e6e-9314471c6632",
    "createdAt": "2025-11-18T12:14:12.957Z",
    "createdBy": "alice",
    "modifiedAt": "2025-11-18T12:14:12.957Z",
    "modifiedBy": "alice",
    "productID": "WEB_WER_1763468052956_22",
    "name": "wer",
    "description": "fruits",
    "price": 4.99,
    "currency_code": "EUR",
    "stock": 20
  },
  {
    "ID": "a801203c-811f-45b9-9019-c2c07de252ac",
    "createdAt": "2025-11-18T12:14:12.926Z",
    "createdBy": "alice",
    "modifiedAt": "2025-11-18T12:14:12.926Z",
    "modifiedBy": "alice",
    "productID": "WEB_GREENLEMON_1763468052925_7",
    "name": "green lemon",
    "description": "fruits",
    "price": 2.99,
    "currency_code": "EUR",
    "stock": 30
  },
  {
    "ID": "bd8d159e-cc22-4775-818c-baa3f16e6caa",
    "createdAt": "2025-11-18T12:14:12.963Z",
    "createdBy": "alice",
    "modifiedAt": "2025-11-18T12:14:12.963Z",
    "modifiedBy": "alice",
    "productID": "WEB_BESTPRODUCT_1763468052962_25",
    "name": "bestproduct",
    "description": "meat",
    "price": 20,
    "currency_code": "EUR",
    "stock": 10
  },
  {
    "ID": "ce949dfd-8e17-43c9-8ba1-b1522c9c25fc",
    "createdAt": "2025-11-18T12:14:12.911Z",
    "createdBy": "alice",
    "modifiedAt": "2025-11-18T12:14:12.911Z",
    "modifiedBy": "alice",
    "productID": "WEB_FRESHPOTATO_1763468052909_3",
    "name": "fresh potato",
    "description": "vegetables",
    "price": 3.49,
    "currency_code": "EUR",
    "stock": 40
  },
  {
    "ID": "d22998e0-54be-45c6-8a3a-9626a4f2eb53",
    "createdAt": "2025-11-18T12:14:12.964Z",
    "createdBy": "alice",
    "modifiedAt": "2025-11-18T12:14:12.964Z",
    "modifiedBy": "alice",
    "productID": "WEB_GOODPRODUCT_1763468052964_26",
    "name": "goodproduct",
    "description": "fruits",
    "price": 200,
    "currency_code": "EUR",
    "stock": 20
  },
  {
    "ID": "d2e1f6e1-7cf4-498c-97ce-846f41432cfe",
    "createdAt": "2025-11-18T12:14:12.958Z",
    "createdBy": "alice",
    "modifiedAt": "2025-11-18T12:14:12.958Z",
    "modifiedBy": "alice",
    "productID": "WEB_GERMANPRODUCT_1763468052957_23",
    "name": "germanproduct",
    "description": "meat",
    "price": 188,
    "currency_code": "EUR",
    "stock": 40
  },
  {
    "ID": "d34745a1-d2de-4f81-a522-151937790054",
    "createdAt": "2025-11-18T12:14:12.924Z",
    "createdBy": "alice",
    "modifiedAt": "2025-11-18T12:14:12.924Z",
    "modifiedBy": "alice",
    "productID": "WEB_FRESHAVOCADO_1763468052922_6",
    "name": "fresh avocado",
    "description": "fruits",
    "price": 3.99,
    "currency_code": "EUR",
    "stock": 20
  },
  {
    "ID": "ddf1940b-7cbe-4fd4-9bc6-9a4f3b7dc8ad",
    "createdAt": "2025-11-18T12:14:12.952Z",
    "createdBy": "alice",
    "modifiedAt": "2025-11-18T12:14:12.952Z",
    "modifiedBy": "alice",
    "productID": "WEB_BANANA_1763468052951_19",
    "name": "banana",
    "description": "fruits",
    "price": 4.99,
    "currency_code": "EUR",
    "stock": 20
  },
  {
    "ID": "df921c16-4380-4ad9-b224-cee5fcf048fc",
    "createdAt": "2025-11-18T12:14:12.942Z",
    "createdBy": "alice",
    "modifiedAt": "2025-11-18T12:14:12.942Z",
    "modifiedBy": "alice",
    "productID": "WEB_BLUEBERRY_1763468052941_14",
    "name": "Blueberry",
    "description": "fruits",
    "price": 2.99,
    "currency_code": "EUR",
    "stock": 25
  },
  {
    "ID": "ec7de7fe-9fed-4846-ad35-4f278e404ad9",
    "createdAt": "2025-11-18T12:14:12.897Z",
    "createdBy": "alice",
    "modifiedAt": "2025-11-18T12:14:12.897Z",
    "modifiedBy": "alice",
    "productID": "WEB_FRESHTOMATO_1763468052849_1",
    "name": "fresh tomato",
    "description": "vegetables",
    "price": 2.99,
    "currency_code": "EUR",
    "stock": 50
  },
  {
    "ID": "f1195873-67c7-401d-8eb4-53aaa7417327",
    "createdAt": "2025-11-18T12:14:12.968Z",
    "createdBy": "alice",
    "modifiedAt": "2025-11-18T12:14:12.968Z",
    "modifiedBy": "alice",
    "productID": "WEB_CHOMU_1763468052967_28",
    "name": "Chomu",
    "description": "Vegetables",
    "price": 2.99,
    "currency_code": "EUR",
    "stock": 20
  }
]